{"cameraMode":{"drawMode":0,"name":"Shaded","section":"Shading Mode"},"sceneLighting":false,"audioPlay":false,"sceneViewState":{"showFog":true,"showMaterialUpdate":false,"showSkybox":false,"showFlares":true,"showImageEffects":true,"showParticleSystems":true},"in2DMode":false,"pivot":{"x":-54.35198974609375,"y":7.522899627685547,"z":16.157251358032228},"rotation":{"x":-0.009434574283659459,"y":0.9897231459617615,"z":0.08188121765851975,"w":0.11858604103326798},"size":9.94294261932373,"orthographic":false}