{"cameraMode":{"drawMode":0,"name":"Shaded","section":"Shading Mode"},"sceneLighting":true,"audioPlay":false,"sceneViewState":{"showFog":true,"showMaterialUpdate":false,"showSkybox":true,"showFlares":true,"showImageEffects":true,"showParticleSystems":true},"in2DMode":false,"pivot":{"x":12.009878158569336,"y":9.491808891296387,"z":86.68276977539063},"rotation":{"x":0.020647482946515085,"y":0.4147939085960388,"z":0.008958068676292897,"w":-0.9099087119102478},"size":1.2590086460113526,"orthographic":false}