{"cameraMode":{"drawMode":0,"name":"Shaded","section":"Shading Mode"},"sceneLighting":false,"audioPlay":false,"sceneViewState":{"showFog":true,"showMaterialUpdate":false,"showSkybox":false,"showFlares":true,"showImageEffects":true,"showParticleSystems":true},"in2DMode":false,"pivot":{"x":-23.286069869995118,"y":0.20962128043174745,"z":34.69184494018555},"rotation":{"x":-0.03966093435883522,"y":0.5625627636909485,"z":0.027009738609194757,"w":0.8254237771034241},"size":4.25,"orthographic":false}