{"cameraMode":{"drawMode":0,"name":"Shaded","section":"Shading Mode"},"sceneLighting":false,"audioPlay":false,"sceneViewState":{"showFog":true,"showMaterialUpdate":false,"showSkybox":false,"showFlares":true,"showImageEffects":true,"showParticleSystems":true},"in2DMode":false,"pivot":{"x":4.990195274353027,"y":3.0199666023254396,"z":8.024435043334961},"rotation":{"x":0.03993704169988632,"y":-0.16444066166877747,"z":-0.006673638243228197,"w":-0.9855948686599731},"size":9.942941665649414,"orthographic":false}