{"cameraMode":{"drawMode":0,"name":"Shaded","section":"Shading Mode"},"sceneLighting":false,"audioPlay":false,"sceneViewState":{"showFog":true,"showMaterialUpdate":false,"showSkybox":false,"showFlares":true,"showImageEffects":true,"showParticleSystems":true},"in2DMode":false,"pivot":{"x":0.5440000295639038,"y":0.711946964263916,"z":0.9336091876029968},"rotation":{"x":0.029717987403273584,"y":0.7340700626373291,"z":-0.03217095509171486,"w":0.6776911020278931},"size":0.2251407355070114,"orthographic":false}