{"cameraMode":{"drawMode":0,"name":"Shaded","section":"Shading Mode"},"sceneLighting":false,"audioPlay":false,"sceneViewState":{"showFog":true,"showMaterialUpdate":false,"showSkybox":false,"showFlares":true,"showImageEffects":true,"showParticleSystems":true},"in2DMode":false,"pivot":{"x":5.0,"y":5.310001373291016,"z":4.999999046325684},"rotation":{"x":0.004534870386123657,"y":0.9958131313323975,"z":0.05529683455824852,"w":-0.07526847720146179},"size":3.0101139545440676,"orthographic":false}